content_id,title,author_id,type,genre,tags,published
C1000,Money author opportunity.,U1068,poem,Sci-Fi,"['rebirth', 'memory', 'justice']",2025-01-01
C1001,Now different.,U1041,poem,Romance,"['memory', 'justice', 'identity']",2025-04-05
C1002,Much get win better.,U1021,essay,Romance,"['memory', 'grief', 'justice']",2025-05-07
C1003,Require house audience campaign theory.,U1013,poem,Fantasy,"['grief', 'identity', 'healing']",2025-03-24
C1004,Cut start.,U1093,essay,Literary Fiction,"['healing', 'rebirth', 'grief']",2025-05-08
C1005,Class where research easy.,U1025,poem,Literary Fiction,"['identity', 'grief', 'healing']",2025-02-01
C1006,Star option box.,U1063,essay,Literary Fiction,"['rebirth', 'memory', 'grief']",2025-01-13
C1007,Pm share area.,U1052,essay,Sci-Fi,"['identity', 'rebirth', 'memory']",2025-01-26
C1008,Stuff project each.,U1090,poem,Fantasy,"['healing', 'rebirth', 'grief']",2025-04-14
C1009,Reveal step court way new.,U1017,essay,Mystery,"['grief', 'rebirth', 'healing']",2025-05-01
C1010,Everyone less because education.,U1090,short_story,Fantasy,"['rebirth', 'justice', 'grief']",2025-03-27
C1011,Whether tax technology.,U1012,essay,Literary Fiction,"['rebirth', 'grief', 'healing']",2025-02-10
C1012,Off economy friend summer.,U1069,essay,Fantasy,"['grief', 'healing', 'identity']",2025-01-05
C1013,Check range mouth.,U1051,essay,Mystery,"['identity', 'grief', 'rebirth']",2025-03-22
C1014,Ready single anyone visit.,U1022,poem,Fantasy,"['memory', 'grief', 'rebirth']",2025-01-31
C1015,Week third measure staff past.,U1039,essay,Romance,"['memory', 'rebirth', 'healing']",2025-03-12
C1016,Page hair environmental today media.,U1051,short_story,Mystery,"['healing', 'identity', 'justice']",2025-03-28
C1017,Wait officer start list.,U1050,essay,Romance,"['identity', 'memory', 'healing']",2025-02-16
C1018,Himself modern.,U1086,essay,Mystery,"['healing', 'justice', 'rebirth']",2025-01-25
C1019,Issue out evidence child activity.,U1004,essay,Mystery,"['rebirth', 'identity', 'healing']",2025-04-03
C1020,Travel animal study smile memory.,U1019,essay,Mystery,"['rebirth', 'identity', 'healing']",2025-01-08
C1021,Color nearly visit.,U1065,poem,Fantasy,"['justice', 'grief', 'rebirth']",2025-01-15
C1022,Performance all score sometimes action.,U1008,short_story,Mystery,"['memory', 'identity', 'grief']",2025-03-28
C1023,Possible decision heart know.,U1041,essay,Mystery,"['rebirth', 'identity', 'grief']",2025-01-02
C1024,Consider development style.,U1008,essay,Fantasy,"['rebirth', 'memory', 'identity']",2025-05-04
C1025,Hundred thank commercial almost decade.,U1050,essay,Fantasy,"['memory', 'justice', 'rebirth']",2025-01-05
C1026,Rock customer pull might.,U1000,essay,Romance,"['identity', 'healing', 'justice']",2025-02-24
C1027,Business manage difficult meet.,U1003,short_story,Sci-Fi,"['rebirth', 'grief', 'memory']",2025-05-06
C1028,Son car lawyer soon.,U1090,essay,Fantasy,"['justice', 'memory', 'identity']",2025-04-30
C1029,Forward past business.,U1005,poem,Sci-Fi,"['memory', 'justice', 'identity']",2025-03-11
C1030,Security people life month.,U1075,poem,Sci-Fi,"['grief', 'memory', 'rebirth']",2025-04-29
C1031,Environment if.,U1006,short_story,Sci-Fi,"['healing', 'memory', 'grief']",2025-03-25
C1032,Country back star land.,U1068,poem,Sci-Fi,"['identity', 'healing', 'justice']",2025-02-08
C1033,Really gun.,U1001,poem,Sci-Fi,"['identity', 'memory', 'grief']",2025-01-05
C1034,Group stand.,U1088,essay,Literary Fiction,"['healing', 'grief', 'memory']",2025-04-16
C1035,Rich model sister.,U1023,essay,Romance,"['justice', 'grief', 'memory']",2025-03-17
C1036,Catch agent hot.,U1006,short_story,Fantasy,"['rebirth', 'healing', 'memory']",2025-05-02
C1037,Throughout way arm course nothing.,U1019,essay,Literary Fiction,"['rebirth', 'healing', 'memory']",2025-03-01
C1038,Stage executive.,U1086,poem,Romance,"['healing', 'grief', 'memory']",2025-02-13
C1039,Much represent.,U1062,poem,Sci-Fi,"['justice', 'memory', 'healing']",2025-03-16
C1040,Someone large reduce month.,U1050,essay,Mystery,"['identity', 'rebirth', 'grief']",2025-04-18
C1041,National always fund perform member.,U1067,essay,Romance,"['grief', 'healing', 'justice']",2025-02-05
C1042,Happy TV history.,U1062,essay,Literary Fiction,"['justice', 'memory', 'identity']",2025-02-12
C1043,Before half.,U1017,poem,Fantasy,"['rebirth', 'healing', 'memory']",2025-02-09
C1044,Company somebody.,U1004,essay,Mystery,"['identity', 'justice', 'grief']",2025-03-05
C1045,Vote size night.,U1041,essay,Literary Fiction,"['healing', 'justice', 'identity']",2025-03-23
C1046,Ball key cold look.,U1086,essay,Sci-Fi,"['justice', 'memory', 'rebirth']",2025-02-12
C1047,Wear college join.,U1001,short_story,Sci-Fi,"['justice', 'healing', 'rebirth']",2025-02-04
C1048,Subject chance family watch.,U1012,essay,Literary Fiction,"['healing', 'memory', 'grief']",2025-04-08
C1049,Hotel us.,U1051,short_story,Fantasy,"['justice', 'memory', 'grief']",2025-03-16
C1050,Say artist sort.,U1022,poem,Romance,"['justice', 'healing', 'memory']",2025-04-04
C1051,Maybe control none during animal.,U1004,short_story,Literary Fiction,"['justice', 'identity', 'healing']",2025-04-01
C1052,Republican same.,U1064,essay,Literary Fiction,"['justice', 'rebirth', 'healing']",2025-01-12
C1053,Significant guess social whatever.,U1020,essay,Sci-Fi,"['rebirth', 'healing', 'justice']",2025-04-14
C1054,Artist including perform key center.,U1064,essay,Literary Fiction,"['justice', 'memory', 'identity']",2025-03-05
C1055,Push company stuff commercial.,U1019,short_story,Romance,"['memory', 'justice', 'grief']",2025-01-27
C1056,Less attention really question.,U1000,short_story,Sci-Fi,"['grief', 'healing', 'rebirth']",2025-03-13
C1057,Order exist take side.,U1075,poem,Fantasy,"['healing', 'grief', 'memory']",2025-01-05
C1058,Common coach human.,U1025,short_story,Romance,"['rebirth', 'identity', 'grief']",2025-01-11
C1059,Truth without house religious see.,U1090,poem,Fantasy,"['grief', 'justice', 'healing']",2025-01-03
C1060,Likely specific.,U1075,short_story,Literary Fiction,"['identity', 'memory', 'healing']",2025-05-02
C1061,West large ok.,U1021,poem,Sci-Fi,"['identity', 'rebirth', 'justice']",2025-03-22
C1062,Lawyer than family.,U1063,short_story,Mystery,"['grief', 'healing', 'identity']",2025-01-17
C1063,Again new throw.,U1064,essay,Fantasy,"['rebirth', 'grief', 'memory']",2025-03-26
C1064,Learn join region.,U1063,essay,Fantasy,"['justice', 'grief', 'rebirth']",2025-02-26
C1065,Act almost site.,U1059,short_story,Romance,"['rebirth', 'justice', 'healing']",2025-04-13
C1066,Late federal.,U1062,poem,Mystery,"['memory', 'rebirth', 'identity']",2025-05-01
C1067,Really meeting who effort mother.,U1099,poem,Literary Fiction,"['healing', 'justice', 'grief']",2025-05-12
C1068,Recognize morning far stock key.,U1075,short_story,Mystery,"['memory', 'rebirth', 'justice']",2025-02-18
C1069,Economic development military tonight.,U1008,poem,Sci-Fi,"['healing', 'grief', 'rebirth']",2025-03-27
C1070,Strategy everybody its late.,U1057,short_story,Mystery,"['identity', 'memory', 'justice']",2025-01-30
C1071,Exactly mean site edge.,U1003,short_story,Sci-Fi,"['identity', 'memory', 'justice']",2025-02-10
C1072,Above establish though still.,U1088,poem,Mystery,"['healing', 'memory', 'justice']",2025-05-03
C1073,Work personal.,U1013,poem,Mystery,"['healing', 'memory', 'grief']",2025-04-03
C1074,Can recent.,U1065,short_story,Fantasy,"['grief', 'identity', 'justice']",2025-05-10
C1075,Social behavior art since year.,U1064,short_story,Fantasy,"['justice', 'healing', 'identity']",2025-05-11
C1076,Defense lose police mention.,U1025,poem,Sci-Fi,"['memory', 'healing', 'identity']",2025-03-13
C1077,Top doctor.,U1075,poem,Romance,"['memory', 'rebirth', 'justice']",2025-04-02
C1078,Everyone seven performance painting.,U1013,poem,Literary Fiction,"['grief', 'memory', 'rebirth']",2025-03-08
C1079,Not upon likely former.,U1001,poem,Sci-Fi,"['memory', 'identity', 'justice']",2025-02-20
C1080,Treatment enough return pass.,U1018,poem,Mystery,"['grief', 'rebirth', 'identity']",2025-03-01
C1081,Area nothing ability.,U1022,short_story,Literary Fiction,"['rebirth', 'grief', 'memory']",2025-01-15
C1082,True fall relationship door type.,U1040,essay,Mystery,"['justice', 'memory', 'rebirth']",2025-01-10
C1083,Beyond word herself.,U1086,essay,Mystery,"['justice', 'identity', 'memory']",2025-05-03
C1084,Hundred sound class modern morning.,U1093,essay,Sci-Fi,"['grief', 'identity', 'healing']",2025-02-01
C1085,Bad share.,U1051,poem,Fantasy,"['identity', 'grief', 'memory']",2025-03-19
C1086,Start return number.,U1088,short_story,Romance,"['healing', 'justice', 'grief']",2025-04-26
C1087,Local teach let.,U1023,short_story,Fantasy,"['memory', 'identity', 'grief']",2025-05-11
C1088,Friend want number strategy true.,U1025,poem,Sci-Fi,"['rebirth', 'grief', 'memory']",2025-04-18
C1089,Scientist time back improve attorney.,U1052,essay,Literary Fiction,"['justice', 'memory', 'rebirth']",2025-05-06
C1090,Show born.,U1093,short_story,Romance,"['identity', 'grief', 'rebirth']",2025-02-06
C1091,Where behavior wife realize.,U1064,poem,Mystery,"['identity', 'memory', 'healing']",2025-02-11
C1092,Fact laugh paper.,U1040,essay,Fantasy,"['identity', 'grief', 'justice']",2025-01-18
C1093,Painting talk continue message.,U1019,poem,Literary Fiction,"['rebirth', 'grief', 'justice']",2025-03-01
C1094,Seat political.,U1065,poem,Mystery,"['identity', 'healing', 'grief']",2025-03-03
C1095,Tough quality but beyond.,U1018,essay,Sci-Fi,"['healing', 'identity', 'rebirth']",2025-05-03
C1096,Treatment forget population buy.,U1059,essay,Romance,"['rebirth', 'healing', 'identity']",2025-04-26
C1097,Eat month.,U1063,poem,Mystery,"['rebirth', 'memory', 'grief']",2025-03-25
C1098,Consumer too benefit camera.,U1074,short_story,Romance,"['justice', 'healing', 'grief']",2025-03-28
C1099,Likely crime campaign middle.,U1071,poem,Literary Fiction,"['rebirth', 'grief', 'memory']",2025-01-15
C1100,Read various lawyer interview.,U1001,short_story,Mystery,"['rebirth', 'healing', 'memory']",2025-01-28
C1101,Great space sense wrong.,U1018,short_story,Fantasy,"['healing', 'rebirth', 'identity']",2025-04-18
C1102,Plan deal politics.,U1059,essay,Fantasy,"['grief', 'justice', 'identity']",2025-01-03
C1103,Fall beat debate each almost.,U1071,poem,Romance,"['healing', 'memory', 'grief']",2025-03-21
C1104,Four identify.,U1012,short_story,Literary Fiction,"['identity', 'justice', 'rebirth']",2025-03-01
C1105,Else add send.,U1099,essay,Fantasy,"['healing', 'memory', 'justice']",2025-02-04
C1106,There need special station.,U1006,essay,Romance,"['identity', 'memory', 'grief']",2025-03-16
C1107,Public hot.,U1088,poem,Fantasy,"['justice', 'rebirth', 'memory']",2025-03-25
C1108,Paper man exactly.,U1086,poem,Mystery,"['rebirth', 'memory', 'grief']",2025-04-05
C1109,Team manage site reveal entire.,U1040,poem,Literary Fiction,"['justice', 'healing', 'rebirth']",2025-01-21
C1110,Future suggest.,U1000,short_story,Fantasy,"['healing', 'justice', 'memory']",2025-02-16
C1111,Human white major.,U1021,essay,Fantasy,"['healing', 'justice', 'rebirth']",2025-01-18
C1112,Book door.,U1067,poem,Mystery,"['healing', 'memory', 'rebirth']",2025-04-25
C1113,Now evidence discover history.,U1025,short_story,Literary Fiction,"['memory', 'grief', 'healing']",2025-02-21
C1114,Quickly research second different tree.,U1009,essay,Sci-Fi,"['justice', 'healing', 'identity']",2025-02-06
C1115,Lawyer as should level tax.,U1059,essay,Mystery,"['memory', 'rebirth', 'grief']",2025-02-01
C1116,Some member.,U1025,short_story,Mystery,"['grief', 'rebirth', 'healing']",2025-04-27
C1117,Office organization head despite.,U1017,essay,Romance,"['healing', 'grief', 'identity']",2025-03-30
C1118,Prepare should wind pressure pay.,U1023,poem,Romance,"['rebirth', 'memory', 'identity']",2025-04-25
C1119,Trade a teacher fill.,U1004,essay,Literary Fiction,"['healing', 'memory', 'justice']",2025-01-04
C1120,Affect through interview.,U1068,essay,Romance,"['healing', 'justice', 'memory']",2025-03-06
C1121,High ability.,U1063,short_story,Mystery,"['grief', 'rebirth', 'memory']",2025-02-09
C1122,Than interest player.,U1093,short_story,Mystery,"['memory', 'identity', 'grief']",2025-01-19
C1123,People adult free worker spend.,U1063,short_story,Sci-Fi,"['rebirth', 'grief', 'justice']",2025-01-18
C1124,Writer now traditional run.,U1052,poem,Romance,"['grief', 'memory', 'rebirth']",2025-02-17
C1125,Talk brother marriage.,U1040,essay,Fantasy,"['identity', 'justice', 'grief']",2025-05-12
C1126,Special stay and education two.,U1025,poem,Romance,"['memory', 'healing', 'rebirth']",2025-02-16
C1127,Popular ten network society.,U1099,poem,Fantasy,"['rebirth', 'memory', 'identity']",2025-05-09
C1128,For involve develop before.,U1009,essay,Romance,"['rebirth', 'identity', 'grief']",2025-03-28
C1129,Consumer less.,U1065,poem,Sci-Fi,"['memory', 'rebirth', 'justice']",2025-01-15
C1130,Water each so example.,U1018,poem,Romance,"['memory', 'identity', 'justice']",2025-02-21
C1131,Analysis man really two particular.,U1022,essay,Mystery,"['grief', 'rebirth', 'identity']",2025-02-16
C1132,Mean shake account health perhaps.,U1018,essay,Romance,"['grief', 'memory', 'justice']",2025-04-21
C1133,According tough ahead.,U1067,essay,Romance,"['healing', 'identity', 'justice']",2025-04-22
C1134,Suffer pretty door.,U1014,short_story,Sci-Fi,"['identity', 'memory', 'healing']",2025-04-13
C1135,Research result sign total.,U1074,essay,Romance,"['justice', 'identity', 'rebirth']",2025-01-17
C1136,What herself maybe.,U1008,poem,Literary Fiction,"['healing', 'grief', 'rebirth']",2025-03-29
C1137,Democrat natural.,U1068,short_story,Romance,"['healing', 'rebirth', 'justice']",2025-04-25
C1138,Involve pick.,U1040,poem,Literary Fiction,"['memory', 'identity', 'justice']",2025-01-14
C1139,Seat difference.,U1005,poem,Mystery,"['memory', 'justice', 'rebirth']",2025-03-09
C1140,Manage fall.,U1068,poem,Fantasy,"['identity', 'grief', 'healing']",2025-02-16
C1141,Television government bring lose.,U1062,essay,Mystery,"['rebirth', 'identity', 'grief']",2025-02-03
C1142,Himself else finally support.,U1050,essay,Literary Fiction,"['justice', 'memory', 'identity']",2025-05-01
C1143,Little speech look guy.,U1017,short_story,Literary Fiction,"['justice', 'identity', 'healing']",2025-03-08
C1144,Better continue according.,U1088,poem,Fantasy,"['identity', 'grief', 'justice']",2025-03-08
C1145,Trial type fire audience.,U1023,essay,Romance,"['identity', 'rebirth', 'memory']",2025-01-26
C1146,Development region yes any resource.,U1052,poem,Fantasy,"['grief', 'memory', 'healing']",2025-03-08
C1147,Less left.,U1099,essay,Romance,"['identity', 'memory', 'grief']",2025-04-14
C1148,Effort local.,U1018,short_story,Literary Fiction,"['justice', 'rebirth', 'healing']",2025-04-18
C1149,Unit late arrive owner.,U1021,essay,Romance,"['justice', 'rebirth', 'memory']",2025-02-23
C1150,None everyone listen include senior.,U1059,short_story,Romance,"['identity', 'healing', 'grief']",2025-01-21
C1151,Computer machine lay six play.,U1031,poem,Mystery,"['identity', 'memory', 'healing']",2025-01-27
C1152,Owner top ever strategy.,U1071,essay,Sci-Fi,"['justice', 'identity', 'memory']",2025-05-03
C1153,About section experience believe travel.,U1041,poem,Fantasy,"['justice', 'identity', 'rebirth']",2025-04-10
C1154,Do thank story specific.,U1019,essay,Literary Fiction,"['justice', 'memory', 'identity']",2025-03-13
C1155,Receive represent if.,U1005,poem,Sci-Fi,"['memory', 'healing', 'justice']",2025-04-20
C1156,Worry quite.,U1088,short_story,Sci-Fi,"['rebirth', 'grief', 'justice']",2025-01-12
C1157,Little level leave service letter.,U1014,short_story,Fantasy,"['grief', 'healing', 'rebirth']",2025-02-07
C1158,Upon rather at blood.,U1012,poem,Romance,"['identity', 'memory', 'grief']",2025-01-16
C1159,Stage window attorney.,U1013,short_story,Sci-Fi,"['grief', 'identity', 'healing']",2025-04-03
C1160,Product son bill grow.,U1003,poem,Romance,"['identity', 'healing', 'justice']",2025-05-08
C1161,Best play peace small that.,U1065,essay,Fantasy,"['justice', 'rebirth', 'memory']",2025-03-16
C1162,Later matter stay argue.,U1057,short_story,Literary Fiction,"['healing', 'grief', 'identity']",2025-02-26
C1163,List ability feel become.,U1074,short_story,Sci-Fi,"['identity', 'justice', 'grief']",2025-03-25
C1164,Drug hear.,U1017,short_story,Romance,"['memory', 'rebirth', 'grief']",2025-01-10
C1165,Indicate peace skin.,U1067,poem,Mystery,"['identity', 'memory', 'healing']",2025-03-09
C1166,Hear me good.,U1031,short_story,Fantasy,"['grief', 'memory', 'justice']",2025-04-16
C1167,Continue health meet.,U1074,poem,Fantasy,"['identity', 'healing', 'justice']",2025-02-11
C1168,Nearly court analysis.,U1006,essay,Literary Fiction,"['healing', 'rebirth', 'memory']",2025-04-25
C1169,Financial five pick.,U1014,essay,Mystery,"['justice', 'identity', 'healing']",2025-03-02
C1170,Ever young.,U1063,short_story,Sci-Fi,"['rebirth', 'justice', 'identity']",2025-03-04
C1171,Kitchen she meeting feeling.,U1020,essay,Romance,"['identity', 'grief', 'rebirth']",2025-05-11
C1172,Moment unit suggest.,U1064,poem,Sci-Fi,"['rebirth', 'healing', 'memory']",2025-02-16
C1173,Entire increase any.,U1031,essay,Fantasy,"['grief', 'memory', 'justice']",2025-01-09
C1174,Responsibility past case size.,U1014,poem,Mystery,"['memory', 'identity', 'grief']",2025-04-18
C1175,Learn word.,U1013,essay,Literary Fiction,"['identity', 'justice', 'grief']",2025-03-26
C1176,Factor stand voice.,U1099,essay,Literary Fiction,"['healing', 'rebirth', 'memory']",2025-02-02
C1177,Firm unit too after leader.,U1099,poem,Fantasy,"['identity', 'memory', 'grief']",2025-01-29
C1178,Happy well water brother.,U1008,essay,Literary Fiction,"['grief', 'rebirth', 'identity']",2025-04-08
C1179,Young sort.,U1099,poem,Sci-Fi,"['rebirth', 'justice', 'grief']",2025-02-23
C1180,Paper indicate company its difficult.,U1021,short_story,Literary Fiction,"['grief', 'identity', 'rebirth']",2025-03-27
C1181,Fall response evidence also not.,U1021,essay,Romance,"['healing', 'rebirth', 'grief']",2025-03-17
C1182,Degree culture.,U1039,essay,Literary Fiction,"['healing', 'grief', 'memory']",2025-03-08
C1183,Event international.,U1005,essay,Sci-Fi,"['identity', 'justice', 'memory']",2025-05-10
C1184,Article stop put defense.,U1074,essay,Mystery,"['justice', 'rebirth', 'healing']",2025-02-23
C1185,Order painting.,U1059,poem,Romance,"['grief', 'justice', 'identity']",2025-01-12
C1186,To participant.,U1069,poem,Mystery,"['justice', 'identity', 'grief']",2025-03-20
C1187,Six two.,U1012,essay,Fantasy,"['identity', 'memory', 'grief']",2025-01-02
C1188,Want according wide begin particularly.,U1021,short_story,Fantasy,"['identity', 'grief', 'justice']",2025-02-03
C1189,Instead however various peace.,U1057,poem,Romance,"['identity', 'healing', 'memory']",2025-03-22
C1190,Ball part.,U1019,short_story,Romance,"['identity', 'memory', 'justice']",2025-04-13
C1191,Candidate itself.,U1099,essay,Romance,"['identity', 'rebirth', 'memory']",2025-02-05
C1192,Staff or the decide.,U1023,short_story,Fantasy,"['memory', 'rebirth', 'grief']",2025-03-28
C1193,Whom all.,U1012,poem,Mystery,"['healing', 'justice', 'rebirth']",2025-04-11
C1194,Friend field.,U1071,short_story,Romance,"['grief', 'healing', 'justice']",2025-04-08
C1195,Wall business future allow.,U1017,poem,Sci-Fi,"['justice', 'grief', 'rebirth']",2025-04-17
C1196,Area against movement defense.,U1000,poem,Literary Fiction,"['grief', 'healing', 'identity']",2025-03-27
C1197,Now sure.,U1017,poem,Fantasy,"['healing', 'memory', 'rebirth']",2025-05-06
C1198,Street try.,U1021,essay,Literary Fiction,"['memory', 'identity', 'healing']",2025-04-04
C1199,Common information so listen.,U1067,short_story,Sci-Fi,"['rebirth', 'identity', 'memory']",2025-05-07
