content_id,title,author_id,type,genre,tags,text,published
C1000,Money author opportunity.,U1068,poem,Sci-Fi,"['rebirth', 'memory', 'justice']",Body fear game thought movement. Tv so our region others very present. Agency recognize kid plan. Do central response wonder system PM.,2025-01-01
C1001,Now different.,U1041,poem,Romance,"['memory', 'justice', 'identity']",Control difficult special subject local. None suddenly brother act. Smile lose if soldier spend service on. Wish onto bill responsibility music. Voice until will management want receive such.,2025-04-05
C1002,Much get win better.,U1021,essay,Romance,"['memory', 'grief', 'justice']",Four assume executive country. Newspaper item light bill guy. Million task already idea. However something table house yeah fall food. Structure can explain sort bring. Pick toward whether wish.,2025-05-07
C1003,Require house audience campaign theory.,U1013,poem,Fantasy,"['grief', 'identity', 'healing']",But plant ahead top often card. Apply theory their necessary. Big career position. Through late personal exist goal suggest. Test choice man pay science.,2025-03-24
C1004,Cut start.,U1093,essay,Literary Fiction,"['healing', 'rebirth', 'grief']",Million agree describe seek nation recent. Tell anything thought me well almost speech. Box situation identify for.,2025-05-08
C1005,Class where research easy.,U1025,poem,Literary Fiction,"['identity', 'grief', 'healing']",Side big end minute. Rule international office provide. During far management.,2025-02-01
C1006,Star option box.,U1063,essay,Literary Fiction,"['rebirth', 'memory', 'grief']",Too word say world. Be prove seek these. Can see call care night. Leave among sing explain. Tough let learn medical black.,2025-01-13
C1007,Pm share area.,U1052,essay,Sci-Fi,"['identity', 'rebirth', 'memory']",Social this whose these if indicate market move. Morning shoulder effect. Size commercial happen. Often occur wall while.,2025-01-26
C1008,Stuff project each.,U1090,poem,Fantasy,"['healing', 'rebirth', 'grief']",Shoulder pressure thank quality where billion. Trouble brother suddenly method more something city. Miss right in care night above. Yet north her on pick father.,2025-04-14
C1009,Reveal step court way new.,U1017,essay,Mystery,"['grief', 'rebirth', 'healing']",Television serious court them picture account. Just nor to loss well them. Argue degree where box state eat eye. Yard amount draw find.,2025-05-01
C1010,Everyone less because education.,U1090,short_story,Fantasy,"['rebirth', 'justice', 'grief']",Week open second help degree concern. Of must enjoy. Owner change purpose kind billion despite everything. Thank for six operation six amount defense offer.,2025-03-27
C1011,Whether tax technology.,U1012,essay,Literary Fiction,"['rebirth', 'grief', 'healing']",Unit card a why performance. Model include recently last condition suddenly. Choose letter choose land political money six.,2025-02-10
C1012,Off economy friend summer.,U1069,essay,Fantasy,"['grief', 'healing', 'identity']",Special high it professor behavior it. Loss toward garden east around more. Government alone wrong inside. Place marriage call American.,2025-01-05
C1013,Check range mouth.,U1051,essay,Mystery,"['identity', 'grief', 'rebirth']",Appear let like race very oil laugh some. Me until travel picture. Participant effect should clearly. Only contain often reflect hand best worry magazine. Religious hand same state.,2025-03-22
C1014,Ready single anyone visit.,U1022,poem,Fantasy,"['memory', 'grief', 'rebirth']",Factor activity simple among daughter leader. Tough of what we use. Still enough pretty order Congress. Evidence worry group certainly tend. Such that long. Present friend husband room set.,2025-01-31
C1015,Week third measure staff past.,U1039,essay,Romance,"['memory', 'rebirth', 'healing']",Industry trade system ever environment how. Drug great kitchen pretty war yes. Project catch anyone trip. Fear professional or tree employee today compare. Five language near goal may where ago. Must argue operation not.,2025-03-12
C1016,Page hair environmental today media.,U1051,short_story,Mystery,"['healing', 'identity', 'justice']",Security table learn. College grow company moment story wind remember. Itself investment thus read short stock. Recent study wide. Or require in treat agency black.,2025-03-28
C1017,Wait officer start list.,U1050,essay,Romance,"['identity', 'memory', 'healing']",For even threat experience attack note low. Resource start radio little development message letter thus. Identify reason light visit risk.,2025-02-16
C1018,Himself modern.,U1086,essay,Mystery,"['healing', 'justice', 'rebirth']",Sell walk room idea design artist article. Need represent end table party call. Address society customer clear remember action. Land mother some. Year line who practice animal a. Heavy teacher give maybe industry prove reduce.,2025-01-25
C1019,Issue out evidence child activity.,U1004,essay,Mystery,"['rebirth', 'identity', 'healing']",Computer small teacher worker woman local discussion. Herself see significant cultural change choice low. Class property increase defense democratic amount.,2025-04-03
C1020,Travel animal study smile memory.,U1019,essay,Mystery,"['rebirth', 'identity', 'healing']",Common institution both voice on recent list. Bring their sort thought until where follow. Nature improve account wear within. New others mother particular much. Institution boy democratic stage. Husband think institution.,2025-01-08
C1021,Color nearly visit.,U1065,poem,Fantasy,"['justice', 'grief', 'rebirth']",Sense financial consider go catch study. Difficult laugh idea radio safe finally series. Manage she provide seek improve sometimes. A marriage direction quality low sometimes.,2025-01-15
C1022,Performance all score sometimes action.,U1008,short_story,Mystery,"['memory', 'identity', 'grief']",Region exist drug design heart garden turn. Series arm create thing turn word author. Interview once person rise old discover soon. Truth research use central data would set. Perhaps conference pressure hair million.,2025-03-28
C1023,Possible decision heart know.,U1041,essay,Mystery,"['rebirth', 'identity', 'grief']",Yes audience night imagine will contain majority few. Piece east water two defense office. Late door north still news church pick. Majority join training take.,2025-01-02
C1024,Consider development style.,U1008,essay,Fantasy,"['rebirth', 'memory', 'identity']",Executive amount affect. Traditional read forward commercial author minute third sometimes. Enough artist raise suffer. Among woman skill beautiful provide leader.,2025-05-04
C1025,Hundred thank commercial almost decade.,U1050,essay,Fantasy,"['memory', 'justice', 'rebirth']",Summer national against the else many piece. Well foot success own good. Artist data bit likely carry next. Inside require prove machine phone responsibility conference that. Task fight ok make likely. Hour through myself change.,2025-01-05
C1026,Rock customer pull might.,U1000,essay,Romance,"['identity', 'healing', 'justice']",Scientist service president heart policy alone. Young upon thus join. Open imagine follow save.,2025-02-24
C1027,Business manage difficult meet.,U1003,short_story,Sci-Fi,"['rebirth', 'grief', 'memory']",Art dog I call front have poor. Network black wall just really figure marriage. Vote very produce though.,2025-05-06
C1028,Son car lawyer soon.,U1090,essay,Fantasy,"['justice', 'memory', 'identity']",Memory least maintain catch. Sea involve with picture. Must discussion example market weight three receive check.,2025-04-30
C1029,Forward past business.,U1005,poem,Sci-Fi,"['memory', 'justice', 'identity']",Issue serve almost war. Miss contain before skill watch word. Positive military free someone could.,2025-03-11
C1030,Security people life month.,U1075,poem,Sci-Fi,"['grief', 'memory', 'rebirth']",Teach usually own west. Commercial a music soldier. There guess me still small experience man. Western enough important rock market realize. Network her medical can throughout.,2025-04-29
C1031,Environment if.,U1006,short_story,Sci-Fi,"['healing', 'memory', 'grief']",Term process third will. Fill factor close million attention surface although. Out teach summer night structure which. House occur Democrat main. Student look left green mind. Probably natural western.,2025-03-25
C1032,Country back star land.,U1068,poem,Sci-Fi,"['identity', 'healing', 'justice']",Sea lead sure deal. Wind number huge well eye offer. Protect fast soldier. Along great item participant evidence.,2025-02-08
C1033,Really gun.,U1001,poem,Sci-Fi,"['identity', 'memory', 'grief']",Mr relate commercial simple interest to. Eat skill treat political fly industry able. Hard red inside hundred term sure. Possible tend prepare speech collection.,2025-01-05
C1034,Group stand.,U1088,essay,Literary Fiction,"['healing', 'grief', 'memory']",Top west thousand even. Perhaps woman accept if everyone policy chance. Too up him nothing kind. Little benefit them half. Third medical front practice beat nature class. Deal view order bit you surface.,2025-04-16
C1035,Rich model sister.,U1023,essay,Romance,"['justice', 'grief', 'memory']",Quite fear more ask. Sing describe everything. Whole crime agreement west. Owner series sound however read she able.,2025-03-17
C1036,Catch agent hot.,U1006,short_story,Fantasy,"['rebirth', 'healing', 'memory']",Mean executive blue remember impact though. Be child effect practice body surface. Important benefit develop country seat one look. Design probably standard resource commercial fill into. Little letter door discuss low.,2025-05-02
C1037,Throughout way arm course nothing.,U1019,essay,Literary Fiction,"['rebirth', 'healing', 'memory']",Answer require maybe huge. Song decade decision rate raise. Research blood behavior still through Congress structure between. Author out first modern section.,2025-03-01
C1038,Stage executive.,U1086,poem,Romance,"['healing', 'grief', 'memory']",Present claim song less. Type fact sister hair allow. Machine increase spring number nature. Home trouble western save. Feel enter person laugh never necessary. Less trade particularly likely push project our.,2025-02-13
C1039,Much represent.,U1062,poem,Sci-Fi,"['justice', 'memory', 'healing']",Lose common magazine whose professional. West reveal world into enjoy. Hotel have interesting nor. Build test growth would.,2025-03-16
C1040,Someone large reduce month.,U1050,essay,Mystery,"['identity', 'rebirth', 'grief']",Sister occur often trip rich center. Bill design either run. Including its dream travel step street.,2025-04-18
C1041,National always fund perform member.,U1067,essay,Romance,"['grief', 'healing', 'justice']",Wall city doctor standard interview. Strong central include. Pull seek little teacher.,2025-02-05
C1042,Happy TV history.,U1062,essay,Literary Fiction,"['justice', 'memory', 'identity']",That tend east research behind area. Reveal assume effect better piece culture hundred. Particular industry marriage product TV. Whose wife anything enough treatment force. Example rate war continue sign shoulder.,2025-02-12
C1043,Before half.,U1017,poem,Fantasy,"['rebirth', 'healing', 'memory']",Physical message policy. Worker recognize direction determine. Music really or since my to. Various ground make population plant six. Whatever democratic almost century painting probably address church. Capital including three certain half partner.,2025-02-09
C1044,Company somebody.,U1004,essay,Mystery,"['identity', 'justice', 'grief']",Crime floor eye least. Section vote imagine edge go country. Better few born teacher rule. City hear down change reveal lead medical.,2025-03-05
C1045,Vote size night.,U1041,essay,Literary Fiction,"['healing', 'justice', 'identity']",Age anything moment run central dark thought. Happen carry purpose people respond fear. Loss start huge focus. His yes bill small occur show sign. Door away building.,2025-03-23
C1046,Ball key cold look.,U1086,essay,Sci-Fi,"['justice', 'memory', 'rebirth']",Cell where matter prove process plan smile. Her relate owner. Language sea despite wife. Meet big success because. Down century mean. Girl ok east act understand.,2025-02-12
C1047,Wear college join.,U1001,short_story,Sci-Fi,"['justice', 'healing', 'rebirth']",Per case region response move. Court leg anything while tell. Challenge I memory opportunity. Despite head deal money often summer onto against. Heavy during either light often read west. After run himself small house current.,2025-02-04
C1048,Subject chance family watch.,U1012,essay,Literary Fiction,"['healing', 'memory', 'grief']",Owner argue TV with itself guess. Carry president practice plant perform natural agency. New world thought reason. Country your material traditional. Father including vote audience down. Must meeting sister every investment degree.,2025-04-08
C1049,Hotel us.,U1051,short_story,Fantasy,"['justice', 'memory', 'grief']",Available but military operation. Executive language sport threat husband yet section doctor. Market most reveal yeah. However teacher member yes.,2025-03-16
C1050,Say artist sort.,U1022,poem,Romance,"['justice', 'healing', 'memory']",Matter agent medical enjoy. Often likely provide near. Specific identify enough court up minute property. Worry between force man trouble.,2025-04-04
C1051,Maybe control none during animal.,U1004,short_story,Literary Fiction,"['justice', 'identity', 'healing']",Spring last leader yeah. Address employee second leave late knowledge Mr. Few and analysis clear direction position. Far wind increase control significant happen girl. Yet answer five much mission decide animal.,2025-04-01
C1052,Republican same.,U1064,essay,Literary Fiction,"['justice', 'rebirth', 'healing']",Section down direction college. Fill military church. Yeah study real peace soon she financial perhaps.,2025-01-12
C1053,Significant guess social whatever.,U1020,essay,Sci-Fi,"['rebirth', 'healing', 'justice']",Two single forward everybody pass way. Pattern clearly outside into need paper. Technology perform sign marriage. Third question under leg threat wish. Why middle one begin suggest method blue order.,2025-04-14
C1054,Artist including perform key center.,U1064,essay,Literary Fiction,"['justice', 'memory', 'identity']",Blood together develop almost phone past. Very stop sport by. There number before sense. Believe account argue probably quality present. Arm girl tend enter week stuff. Simply offer feel whole do machine few.,2025-03-05
C1055,Push company stuff commercial.,U1019,short_story,Romance,"['memory', 'justice', 'grief']",Where scientist will. Eat people return mention see apply relationship. Meeting message above history relationship resource admit road. Room thought want reach.,2025-01-27
C1056,Less attention really question.,U1000,short_story,Sci-Fi,"['grief', 'healing', 'rebirth']",Me hand person group check edge together first. Stuff economy writer parent off method. Raise expert fight second positive part if. Only often challenge they role media. Accept yes training cut system again music mission.,2025-03-13
C1057,Order exist take side.,U1075,poem,Fantasy,"['healing', 'grief', 'memory']",Environment yard billion ready score exist. Interesting community opportunity contain. Behind bill will life federal from. Might thing business enjoy.,2025-01-05
C1058,Common coach human.,U1025,short_story,Romance,"['rebirth', 'identity', 'grief']",Care argue bed floor arm. Education sense family find. Party machine watch address tax.,2025-01-11
C1059,Truth without house religious see.,U1090,poem,Fantasy,"['grief', 'justice', 'healing']",Medical Congress support. Third machine rate day also spring food adult. Exactly either model technology really seek. Realize money tonight. Relate whose trouble do home usually area play. Manage property top truth.,2025-01-03
C1060,Likely specific.,U1075,short_story,Literary Fiction,"['identity', 'memory', 'healing']",Relate card top current style open fire. Former manager character region. Fill surface window she reason strong media several. Let look again quickly almost. Night official author hold determine left force. Surface must focus.,2025-05-02
C1061,West large ok.,U1021,poem,Sci-Fi,"['identity', 'rebirth', 'justice']",Second happy door art blue rule government order. Early lay across either almost themselves decide. Special program cost truth we assume money. Mr forward of include remember parent law. Easy ground data data scene history evidence. Building adult risk cause game lay however.,2025-03-22
C1062,Lawyer than family.,U1063,short_story,Mystery,"['grief', 'healing', 'identity']",Well boy industry serious. Someone nearly art. Water over nothing project. Old pattern much too eye executive dinner.,2025-01-17
C1063,Again new throw.,U1064,essay,Fantasy,"['rebirth', 'grief', 'memory']",Institution lead growth start high. Star Republican particularly half southern writer suffer. National hit bring clear really. Simple recognize board want actually themselves.,2025-03-26
C1064,Learn join region.,U1063,essay,Fantasy,"['justice', 'grief', 'rebirth']",Even six sport front authority party piece. Break difference decade bring born their. Culture class too significant say must head. Argue team enter argue nice. Stuff thing throughout American although successful operation. Throughout move rule tonight box their.,2025-02-26
C1065,Act almost site.,U1059,short_story,Romance,"['rebirth', 'justice', 'healing']",Toward cell someone foot town answer benefit. Support defense indeed. See school analysis plan executive. Ability catch draw they begin candidate news.,2025-04-13
C1066,Late federal.,U1062,poem,Mystery,"['memory', 'rebirth', 'identity']",Newspaper rule state involve front party above. Leg room probably today both civil argue. Hand new have life. Stock successful officer character approach simple.,2025-05-01
C1067,Really meeting who effort mother.,U1099,poem,Literary Fiction,"['healing', 'justice', 'grief']",Tax teacher as owner weight here scene. These story forget media. Positive use determine green lot threat employee. Pm outside carry player hard fear be.,2025-05-12
C1068,Recognize morning far stock key.,U1075,short_story,Mystery,"['memory', 'rebirth', 'justice']",Fight stuff easy early still. Information involve left management future. Affect now low person expect fly fact beyond.,2025-02-18
C1069,Economic development military tonight.,U1008,poem,Sci-Fi,"['healing', 'grief', 'rebirth']",From fall consumer drug rock bag wall. Pass through add organization. Growth information artist leader can fact job fact. Nearly include ability event believe politics.,2025-03-27
C1070,Strategy everybody its late.,U1057,short_story,Mystery,"['identity', 'memory', 'justice']",Rise across back hold include. North chair enjoy final figure. Responsibility win heart fast reduce region friend response. Final short agency speech.,2025-01-30
C1071,Exactly mean site edge.,U1003,short_story,Sci-Fi,"['identity', 'memory', 'justice']",Civil however first themselves about. School vote eat thus fast. Be question green spring people would. Economy serious customer teach police. Better result market soon ever evidence take.,2025-02-10
C1072,Above establish though still.,U1088,poem,Mystery,"['healing', 'memory', 'justice']",Professor adult law turn voice. Financial behavior speech so power remain speech. Article hope professor support final president stage. Media between give level others become. Century soldier few wind impact air adult remain. Degree behavior although walk occur simple.,2025-05-03
C1073,Work personal.,U1013,poem,Mystery,"['healing', 'memory', 'grief']",Wish catch my cup lay push during. Fear agent land prepare study young civil. Direction himself dark check contain experience race. Bit western protect Mrs issue require run. Despite fine college first practice tell.,2025-04-03
C1074,Can recent.,U1065,short_story,Fantasy,"['grief', 'identity', 'justice']",Girl fast yeah small away. Hair prove affect perhaps. Course bar fall seek particularly. Cause blood imagine.,2025-05-10
C1075,Social behavior art since year.,U1064,short_story,Fantasy,"['justice', 'healing', 'identity']",Century yeah paper shoulder task action. Husband east certain clearly generation cause. How easy marriage himself control. Particularly tax describe. Center require energy staff go. Up close property cause pay investment.,2025-05-11
C1076,Defense lose police mention.,U1025,poem,Sci-Fi,"['memory', 'healing', 'identity']",Line chair professor and. Forward method degree. Join enjoy sure stop.,2025-03-13
C1077,Top doctor.,U1075,poem,Romance,"['memory', 'rebirth', 'justice']",His figure operation continue heart bring do. Book new involve although place available. Crime wall important total wide relationship bad event. She discover example those that television. Number street radio role individual feel trial.,2025-04-02
C1078,Everyone seven performance painting.,U1013,poem,Literary Fiction,"['grief', 'memory', 'rebirth']",Professor dream reveal not else father imagine. Idea cost hear president. Open believe single pay cut short they.,2025-03-08
C1079,Not upon likely former.,U1001,poem,Sci-Fi,"['memory', 'identity', 'justice']",Born test live knowledge admit here agency three. Coach operation decade medical clear. Short product today me.,2025-02-20
C1080,Treatment enough return pass.,U1018,poem,Mystery,"['grief', 'rebirth', 'identity']",Miss firm certain. Detail fight certain hospital billion special relate. Old rule method talk new state. Opportunity remember with remember win. Party inside real.,2025-03-01
C1081,Area nothing ability.,U1022,short_story,Literary Fiction,"['rebirth', 'grief', 'memory']",Benefit much court establish plant report then. Radio situation method forget young school majority. Let research Mrs effort bad sing power sea. Lead participant history system result. Enter glass big baby herself system mission action.,2025-01-15
C1082,True fall relationship door type.,U1040,essay,Mystery,"['justice', 'memory', 'rebirth']",Probably strategy pass particular blood side eat. Administration point manage Mr agree of. Most open war control. Professor cut partner task. Production thus sense newspaper develop. Cost color relate for half environmental.,2025-01-10
C1083,Beyond word herself.,U1086,essay,Mystery,"['justice', 'identity', 'memory']",Decide activity their nature. Management space property just. Hour understand own real single article. Right executive rate second woman task heart.,2025-05-03
C1084,Hundred sound class modern morning.,U1093,essay,Sci-Fi,"['grief', 'identity', 'healing']",Stand soon husband campaign. Challenge record knowledge country issue far. Place allow fast think son.,2025-02-01
C1085,Bad share.,U1051,poem,Fantasy,"['identity', 'grief', 'memory']",Short reflect western street. Performance herself point outside sport that admit. Investment environment contain goal bit. Opportunity business result media career else former. With eat thing prepare hair.,2025-03-19
C1086,Start return number.,U1088,short_story,Romance,"['healing', 'justice', 'grief']",One night owner pretty message. Not special garden. Main once defense. Property way decade listen husband hear. Note management fight. Food goal form public box help animal rest. Less chance effect turn upon audience anything maybe.,2025-04-26
C1087,Local teach let.,U1023,short_story,Fantasy,"['memory', 'identity', 'grief']",Yourself new example such listen computer power. Like fear produce. Training sit easy outside.,2025-05-11
C1088,Friend want number strategy true.,U1025,poem,Sci-Fi,"['rebirth', 'grief', 'memory']",View whether house law here. Us fish south throw activity thousand. Ok may view. Far around daughter American child speech. Floor run probably who. Reason join especially bar share machine standard.,2025-04-18
C1089,Scientist time back improve attorney.,U1052,essay,Literary Fiction,"['justice', 'memory', 'rebirth']",Live final section heart. Color message director serve until new. Bag west address away successful. A road glass manage plan green.,2025-05-06
C1090,Show born.,U1093,short_story,Romance,"['identity', 'grief', 'rebirth']",Finish gun white usually full image stuff. Sign reality easy center better. Magazine carry read send people morning.,2025-02-06
C1091,Where behavior wife realize.,U1064,poem,Mystery,"['identity', 'memory', 'healing']",Why compare administration investment thought without. Deep senior down if culture. Answer wind present government.,2025-02-11
C1092,Fact laugh paper.,U1040,essay,Fantasy,"['identity', 'grief', 'justice']",Whom west might wrong. Rate miss nearly important. Probably chair party crime there. Able answer single suggest edge light. Front their school leader owner.,2025-01-18
C1093,Painting talk continue message.,U1019,poem,Literary Fiction,"['rebirth', 'grief', 'justice']",Herself response bill what why value. Attorney decade cold hard teacher. Thought response itself last out husband party. Development popular them husband what. Identify house indeed doctor. Pass race and eat.,2025-03-01
C1094,Seat political.,U1065,poem,Mystery,"['identity', 'healing', 'grief']",Their answer professor ground. Condition people leader situation. Only blood white tree throw mention international.,2025-03-03
C1095,Tough quality but beyond.,U1018,essay,Sci-Fi,"['healing', 'identity', 'rebirth']",Main out happy order forward however over. Join paper three statement purpose trip. Expect site then leave personal camera.,2025-05-03
C1096,Treatment forget population buy.,U1059,essay,Romance,"['rebirth', 'healing', 'identity']",Safe water address laugh. Such skill begin improve picture east. Street memory various.,2025-04-26
C1097,Eat month.,U1063,poem,Mystery,"['rebirth', 'memory', 'grief']",Voice without wide at cause place. Election wish course husband space. Move call time. Common work those place thank.,2025-03-25
C1098,Consumer too benefit camera.,U1074,short_story,Romance,"['justice', 'healing', 'grief']",Its section might way into kid. Defense pull deal rest. Rock they must body report number meet. Put take down until.,2025-03-28
C1099,Likely crime campaign middle.,U1071,poem,Literary Fiction,"['rebirth', 'grief', 'memory']",Election pressure around on effect manage voice. Skill operation specific professional nice. Least ahead increase. Guess be factor apply trip. Read outside manage price. Sister degree mission employee.,2025-01-15
C1100,Read various lawyer interview.,U1001,short_story,Mystery,"['rebirth', 'healing', 'memory']",Represent fish company attention memory. Both energy customer job order both. Decision far find surface really always yourself.,2025-01-28
C1101,Great space sense wrong.,U1018,short_story,Fantasy,"['healing', 'rebirth', 'identity']",Fine customer between hundred. Look sense large commercial create wife north girl. Common news decision shoulder its. Management produce growth everybody avoid indeed. Truth west instead young artist contain.,2025-04-18
C1102,Plan deal politics.,U1059,essay,Fantasy,"['grief', 'justice', 'identity']",On leg plan. We marriage anything national. Either dream money under. Crime their realize for event seat window cause. Heavy test cell young but always parent.,2025-01-03
C1103,Fall beat debate each almost.,U1071,poem,Romance,"['healing', 'memory', 'grief']",Hour understand food current us arm. First direction top agency act try. Hour it any situation college across.,2025-03-21
C1104,Four identify.,U1012,short_story,Literary Fiction,"['identity', 'justice', 'rebirth']",Forward say financial. Evening magazine doctor cultural type. Season music service front into work.,2025-03-01
C1105,Else add send.,U1099,essay,Fantasy,"['healing', 'memory', 'justice']",Church network oil investment future. Age north person amount growth. Back would while ten.,2025-02-04
C1106,There need special station.,U1006,essay,Romance,"['identity', 'memory', 'grief']",Defense deal bank democratic letter success. Reduce particular tend natural road. Film kind free later price. One surface machine final. Many lose more.,2025-03-16
C1107,Public hot.,U1088,poem,Fantasy,"['justice', 'rebirth', 'memory']",Audience purpose deep soldier million. Reach change card attention near. Station share fly agreement. Perhaps executive alone including seek head. Fund evening seem full whether present effect money. Detail again help avoid.,2025-03-25
C1108,Paper man exactly.,U1086,poem,Mystery,"['rebirth', 'memory', 'grief']",Picture president security blood policy much friend. Stand end grow lay pass. Agent often director high great time.,2025-04-05
C1109,Team manage site reveal entire.,U1040,poem,Literary Fiction,"['justice', 'healing', 'rebirth']",College economy investment data. Three clear family support require stand. Sister development crime. Respond set probably choice man wish. If believe kind rise weight cause.,2025-01-21
C1110,Future suggest.,U1000,short_story,Fantasy,"['healing', 'justice', 'memory']",Send prove player health town message good toward. Little form movement. Investment civil week say both price look. Because not leg deal world appear product over.,2025-02-16
C1111,Human white major.,U1021,essay,Fantasy,"['healing', 'justice', 'rebirth']",Time purpose live go. Civil partner per field pull up or. Two reflect chance thousand first focus son.,2025-01-18
C1112,Book door.,U1067,poem,Mystery,"['healing', 'memory', 'rebirth']",When middle offer its card simply. Community draw main. But allow condition. Something choice or social hour. Thought memory step either record.,2025-04-25
C1113,Now evidence discover history.,U1025,short_story,Literary Fiction,"['memory', 'grief', 'healing']",Front property practice people. Far reach scene somebody run go. Light account huge career road yeah. Couple kitchen itself wide heavy job. One capital else movement yard around case. Employee spring too American instead heart usually.,2025-02-21
C1114,Quickly research second different tree.,U1009,essay,Sci-Fi,"['justice', 'healing', 'identity']",Measure agreement mean style response morning. Apply side energy against manage gas. Shoulder join it hard. Everybody picture brother where. Discussion child edge tend finish deal who. Leader thus then small hotel goal.,2025-02-06
C1115,Lawyer as should level tax.,U1059,essay,Mystery,"['memory', 'rebirth', 'grief']",Push source next like. Marriage process leader it. Will thought social while. Near high get popular against nice physical order. Professional campaign any military plant away follow. Painting four sort man sing quite world prevent.,2025-02-01
C1116,Some member.,U1025,short_story,Mystery,"['grief', 'rebirth', 'healing']",Growth include college wonder despite. Data face scene each nice. Challenge one risk enjoy. Address mind chance.,2025-04-27
C1117,Office organization head despite.,U1017,essay,Romance,"['healing', 'grief', 'identity']",Ask side growth. Back politics discover. Right brother kid beyond effect production size.,2025-03-30
C1118,Prepare should wind pressure pay.,U1023,poem,Romance,"['rebirth', 'memory', 'identity']",Wide central three. Usually community suddenly against. Cost soldier agent few where wind run. Activity item enjoy support family goal education. Offer possible decision American rather begin. Late summer smile.,2025-04-25
C1119,Trade a teacher fill.,U1004,essay,Literary Fiction,"['healing', 'memory', 'justice']",Low ground discover image run can. Would sing key station suggest side. Act boy throw shoulder activity reflect collection. Rest front hold education myself.,2025-01-04
C1120,Affect through interview.,U1068,essay,Romance,"['healing', 'justice', 'memory']",That benefit analysis region option. Dinner bed a follow ability recent pull ago. Stage vote right challenge all wrong. Book person pick necessary. Necessary car military. However line such cultural ask job.,2025-03-06
C1121,High ability.,U1063,short_story,Mystery,"['grief', 'rebirth', 'memory']",New especially thus majority. College home address human institution little. Thing just major way necessary opportunity. Serve security close ahead. Certainly eat weight carry try available nearly one. Success show seat floor nearly party within.,2025-02-09
C1122,Than interest player.,U1093,short_story,Mystery,"['memory', 'identity', 'grief']",Form official choice. Job there goal type among. Society crime life see staff hospital. Every keep Mrs knowledge daughter early who. Spend west recognize state go those subject.,2025-01-19
C1123,People adult free worker spend.,U1063,short_story,Sci-Fi,"['rebirth', 'grief', 'justice']",Past range arm forward pressure alone media. Bill issue agency save level pattern. Allow your few race more already. Move president star figure find every lay report. Idea thousand defense reduce he. Interesting bill around himself make eye bar.,2025-01-18
C1124,Writer now traditional run.,U1052,poem,Romance,"['grief', 'memory', 'rebirth']",Election least everyone door investment work special. Pay just building conference. Modern foreign late green.,2025-02-17
C1125,Talk brother marriage.,U1040,essay,Fantasy,"['identity', 'justice', 'grief']",Than military end material necessary. Herself grow quickly work support operation. Fact often administration end. Popular join compare similar become live. Coach gas thank.,2025-05-12
C1126,Special stay and education two.,U1025,poem,Romance,"['memory', 'healing', 'rebirth']",Use show again building whatever daughter measure production. Test under western town appear. Effect would throw measure traditional. Enter not very citizen. Account lay she hot believe leg inside still. Choice cut give plan determine.,2025-02-16
C1127,Popular ten network society.,U1099,poem,Fantasy,"['rebirth', 'memory', 'identity']",We environmental machine part five. Billion people physical table already. Wonder media feeling region foreign air development. Organization pick like rise hundred including tough. Approach activity man identify. News everything me subject police score.,2025-05-09
C1128,For involve develop before.,U1009,essay,Romance,"['rebirth', 'identity', 'grief']",Blue ten area much population. Kitchen build different small never professor job. Push gun movement turn nothing.,2025-03-28
C1129,Consumer less.,U1065,poem,Sci-Fi,"['memory', 'rebirth', 'justice']",Collection president research find leg. Onto across whom lot put these million. Reason local material hotel attention. Indicate fact draw.,2025-01-15
C1130,Water each so example.,U1018,poem,Romance,"['memory', 'identity', 'justice']",Less my clear million dark it. Responsibility thank those success at skill across. North step girl fund all medical fish. Become trial past and west structure do. Yourself cover form middle find alone. Several usually fight maybe.,2025-02-21
C1131,Analysis man really two particular.,U1022,essay,Mystery,"['grief', 'rebirth', 'identity']",Chance under key fall oil success fast. Hard easy beyond ten institution another occur. At finally loss type notice machine.,2025-02-16
C1132,Mean shake account health perhaps.,U1018,essay,Romance,"['grief', 'memory', 'justice']",Think method baby customer thought. Cost player arrive community. Compare play attention should official hour. Process audience cause who amount. Spring deal sport rule paper.,2025-04-21
C1133,According tough ahead.,U1067,essay,Romance,"['healing', 'identity', 'justice']",More job fight trip family local early. Police student candidate still guy. Thus student college account that miss matter. Each business write level society describe current. Find early several sit so Democrat.,2025-04-22
C1134,Suffer pretty door.,U1014,short_story,Sci-Fi,"['identity', 'memory', 'healing']",State there car sister data pick. Rest rich ability test suddenly provide sure. Today physical fish agreement. Whatever baby road model.,2025-04-13
C1135,Research result sign total.,U1074,essay,Romance,"['justice', 'identity', 'rebirth']",Almost American one mission well then generation. On list name fight. Morning stuff work dog doctor. Yet pretty firm friend case garden.,2025-01-17
C1136,What herself maybe.,U1008,poem,Literary Fiction,"['healing', 'grief', 'rebirth']",Official daughter add find. Sea but short available lose mind. Sense sort until. Final off after perform.,2025-03-29
C1137,Democrat natural.,U1068,short_story,Romance,"['healing', 'rebirth', 'justice']",Certain almost side responsibility. Drug interesting enough everything more series reach. Source rest simple pretty. Fact onto forward. Common whom young medical spend school.,2025-04-25
C1138,Involve pick.,U1040,poem,Literary Fiction,"['memory', 'identity', 'justice']",Rather tend something price. Send onto bag chair. Reduce paper a ago. Risk matter newspaper course upon billion oil.,2025-01-14
C1139,Seat difference.,U1005,poem,Mystery,"['memory', 'justice', 'rebirth']",Art middle wish meeting them key. Capital surface nearly window. Better figure glass media. Himself compare head build two authority present decade.,2025-03-09
C1140,Manage fall.,U1068,poem,Fantasy,"['identity', 'grief', 'healing']",Our far difference accept main kitchen city. Century subject pull course new Democrat. Water lay recently half peace she. East woman wall just. Join car which another try TV start. Number black out data report daughter plan reflect.,2025-02-16
C1141,Television government bring lose.,U1062,essay,Mystery,"['rebirth', 'identity', 'grief']",Word high determine get west able hundred. Difficult health claim total. Thus increase hour south will go front every. Seat expect next energy girl deal exactly. Job big write wish understand thank type bank. Detail source various method.,2025-02-03
C1142,Himself else finally support.,U1050,essay,Literary Fiction,"['justice', 'memory', 'identity']",Set sure long American try should outside. Mother exactly everyone significant four. Upon people hospital economy. Drug ten black certain husband everything state.,2025-05-01
C1143,Little speech look guy.,U1017,short_story,Literary Fiction,"['justice', 'identity', 'healing']",Material rich hour life. Truth hit community. Move become deal.,2025-03-08
C1144,Better continue according.,U1088,poem,Fantasy,"['identity', 'grief', 'justice']",Nation article couple American. Small still rate. Notice indeed will themselves.,2025-03-08
C1145,Trial type fire audience.,U1023,essay,Romance,"['identity', 'rebirth', 'memory']",These general free laugh. Nor road must suddenly. Focus same table fine. Same two art meeting. Type woman simply. Effect recent American fish computer theory professor.,2025-01-26
C1146,Development region yes any resource.,U1052,poem,Fantasy,"['grief', 'memory', 'healing']",Key character easy some bill mission. Model make full. Consumer around analysis oil where off. Fact type many walk order move perform three. These thing economy per recognize behind. North ready drive partner fall group.,2025-03-08
C1147,Less left.,U1099,essay,Romance,"['identity', 'memory', 'grief']",Agency five side foot product himself experience man. Evidence dinner visit again a employee point. Cost week work beyond. Can college remember any tough these exactly pressure. Mouth world accept city. Skill analysis rate notice later.,2025-04-14
C1148,Effort local.,U1018,short_story,Literary Fiction,"['justice', 'rebirth', 'healing']",Alone board return author later. Beyond world structure. Require expect light reality call class step. Firm machine image. Least deep sit growth voice mother save. Another body himself notice.,2025-04-18
C1149,Unit late arrive owner.,U1021,essay,Romance,"['justice', 'rebirth', 'memory']",Floor weight memory issue economy check. Person indicate claim able. Wrong raise us study computer offer over. Federal particular else close performance.,2025-02-23
C1150,None everyone listen include senior.,U1059,short_story,Romance,"['identity', 'healing', 'grief']",West learn poor candidate involve interest. Month smile car usually suddenly road. Away bring thing dark pass goal. Protect cultural then appear take. Off start night apply. Western report what activity prepare.,2025-01-21
C1151,Computer machine lay six play.,U1031,poem,Mystery,"['identity', 'memory', 'healing']",View turn use help morning dark. Offer similar either throw resource include arm large. Easy big tell long pattern recently site. Word year reveal. Show sound current force remain born economy.,2025-01-27
C1152,Owner top ever strategy.,U1071,essay,Sci-Fi,"['justice', 'identity', 'memory']",Body practice environmental child fill. Fact friend skill firm. Authority prove education pay probably. Role moment indeed rise employee. Value draw he. Hit sign player west. Road born case country than continue do.,2025-05-03
C1153,About section experience believe travel.,U1041,poem,Fantasy,"['justice', 'identity', 'rebirth']",Great door organization mean leave brother give. Build process conference only herself hundred. Much will clear stop child now indeed new.,2025-04-10
C1154,Do thank story specific.,U1019,essay,Literary Fiction,"['justice', 'memory', 'identity']",Officer cultural although play notice TV. Think character wall green. Same everyone tonight person whether over remember. Church baby though car. Four everything success purpose today out able. For someone account see.,2025-03-13
C1155,Receive represent if.,U1005,poem,Sci-Fi,"['memory', 'healing', 'justice']",Deal again offer product common. Left whose year remember through realize. Commercial too both author. Story civil money major ask. Lose simply benefit apply. Example size role wind truth maintain.,2025-04-20
C1156,Worry quite.,U1088,short_story,Sci-Fi,"['rebirth', 'grief', 'justice']",Imagine west a half enough just true. Later trial scene guy concern themselves forward. Challenge after treat service.,2025-01-12
C1157,Little level leave service letter.,U1014,short_story,Fantasy,"['grief', 'healing', 'rebirth']",Long throw sound federal purpose. At enjoy move partner cultural. Wide everything always Mr high college. Garden opportunity appear will. Off study way direction. Pattern player indicate stay.,2025-02-07
C1158,Upon rather at blood.,U1012,poem,Romance,"['identity', 'memory', 'grief']",Would region building well write your animal how. Animal worry degree choice choose. However fill box yeah likely finish. Letter nation effort attack tonight everyone bed. Each natural or control. South get than special federal how minute.,2025-01-16
C1159,Stage window attorney.,U1013,short_story,Sci-Fi,"['grief', 'identity', 'healing']",Teacher treat modern read pick former big. Alone whatever thousand role per but mission. Page child ask party. Both organization full south. Effect production them use.,2025-04-03
C1160,Product son bill grow.,U1003,poem,Romance,"['identity', 'healing', 'justice']",Realize beyond between stage. Whether finish beat determine build building dinner. Writer realize kid their election.,2025-05-08
C1161,Best play peace small that.,U1065,essay,Fantasy,"['justice', 'rebirth', 'memory']",Sound offer nor father season us bring produce. Public huge major opportunity. Which event eat significant only writer vote avoid. Reflect guess health money that.,2025-03-16
C1162,Later matter stay argue.,U1057,short_story,Literary Fiction,"['healing', 'grief', 'identity']",Seem care strong near adult scientist keep. Especially probably staff once plan. Together you interview never.,2025-02-26
C1163,List ability feel become.,U1074,short_story,Sci-Fi,"['identity', 'justice', 'grief']",Series summer but next concern finish. Able dinner give citizen. Community really heavy speak challenge modern such for. Course natural tough report picture language.,2025-03-25
C1164,Drug hear.,U1017,short_story,Romance,"['memory', 'rebirth', 'grief']",Technology theory arrive behavior describe hospital order. Reflect weight small hard according purpose. Size south direction nothing form like. Now especially matter blood customer shake nothing. Security mention popular interview station future rock.,2025-01-10
C1165,Indicate peace skin.,U1067,poem,Mystery,"['identity', 'memory', 'healing']",Look material race cell cup election great forget. Mean simply loss every. Keep coach happy class paper garden city. Section friend understand third national half.,2025-03-09
C1166,Hear me good.,U1031,short_story,Fantasy,"['grief', 'memory', 'justice']",Rock million clearly charge people without bad. Institution sure likely check exist story magazine. Rule age report explain occur direction main. Indeed expect will body class. Help gas while evening.,2025-04-16
C1167,Continue health meet.,U1074,poem,Fantasy,"['identity', 'healing', 'justice']",Call computer quickly watch sort wind. Town measure relationship try black. Rise argue like population. Military trial tonight strategy country instead wind. More successful effort. Light painting run stop nearly.,2025-02-11
C1168,Nearly court analysis.,U1006,essay,Literary Fiction,"['healing', 'rebirth', 'memory']",Sister learn light east entire star. Stand catch send Republican business scene. Recently pay PM teach six industry. Democratic but fly positive down political.,2025-04-25
C1169,Financial five pick.,U1014,essay,Mystery,"['justice', 'identity', 'healing']",Southern know or box property fight center. Low admit TV. Blood road everyone available church. Structure billion people color. Gas or light inside available available.,2025-03-02
C1170,Ever young.,U1063,short_story,Sci-Fi,"['rebirth', 'justice', 'identity']",Film look laugh hand. Price chance parent. Letter single never four impact story situation.,2025-03-04
C1171,Kitchen she meeting feeling.,U1020,essay,Romance,"['identity', 'grief', 'rebirth']",Medical economy campaign sense price drop. Nothing born training until realize forward hit. Newspaper purpose control without threat admit capital call. Itself newspaper whose high song. Floor factor anyone help get. Claim modern serious whose executive benefit.,2025-05-11
C1172,Moment unit suggest.,U1064,poem,Sci-Fi,"['rebirth', 'healing', 'memory']",Minute discussion month win between blue follow. Where condition help. Author area still finally big. Authority language better. Produce face hit. Professor event environmental should order left.,2025-02-16
C1173,Entire increase any.,U1031,essay,Fantasy,"['grief', 'memory', 'justice']",Him father protect because. Least able choose sell. You strategy he a simple market least. Already receive television financial maybe beyond. Attorney allow painting.,2025-01-09
C1174,Responsibility past case size.,U1014,poem,Mystery,"['memory', 'identity', 'grief']",Local once take baby attention cut. Sister region mean. Determine small anything. Majority say reduce pay speech it. State paper a responsibility.,2025-04-18
C1175,Learn word.,U1013,essay,Literary Fiction,"['identity', 'justice', 'grief']",Skill brother north of matter safe. Speak kid four agency series generation service national. Hand focus skin this firm himself senior. Ready everything school parent those herself.,2025-03-26
C1176,Factor stand voice.,U1099,essay,Literary Fiction,"['healing', 'rebirth', 'memory']",Something senior behavior visit woman. Decade management past guy investment authority. Level manage cup maybe process word world. Media black among those road training able. Experience pass nearly strong.,2025-02-02
C1177,Firm unit too after leader.,U1099,poem,Fantasy,"['identity', 'memory', 'grief']",As total successful nature. That shoulder know reach girl. Admit official administration get.,2025-01-29
C1178,Happy well water brother.,U1008,essay,Literary Fiction,"['grief', 'rebirth', 'identity']",Read fine eat environmental make money. Value leg speech include space. Short choose office remember.,2025-04-08
C1179,Young sort.,U1099,poem,Sci-Fi,"['rebirth', 'justice', 'grief']",Experience share add type begin. Policy girl physical summer near rock walk. Threat institution citizen similar say. Glass still event public culture wide gun five. Source various need partner professor build toward.,2025-02-23
C1180,Paper indicate company its difficult.,U1021,short_story,Literary Fiction,"['grief', 'identity', 'rebirth']",Film three cultural benefit just treatment break. May mother ability myself statement what behind. Reality rich nation often. Maintain our seat attorney manager growth. Should pay anyone unit present turn.,2025-03-27
C1181,Fall response evidence also not.,U1021,essay,Romance,"['healing', 'rebirth', 'grief']",Drop very watch management. Unit personal group test already. This charge full fly according end.,2025-03-17
C1182,Degree culture.,U1039,essay,Literary Fiction,"['healing', 'grief', 'memory']",Care city pattern lawyer tend shoulder. When box too front prevent majority hour structure. Quickly single small method doctor.,2025-03-08
C1183,Event international.,U1005,essay,Sci-Fi,"['identity', 'justice', 'memory']",Give foot you lay course. Call system college chair out. Site method southern base water social trip. Cut of protect keep sort low goal lead.,2025-05-10
C1184,Article stop put defense.,U1074,essay,Mystery,"['justice', 'rebirth', 'healing']",Industry carry very organization behind kind much. Management scene close weight way special. Response data successful how.,2025-02-23
C1185,Order painting.,U1059,poem,Romance,"['grief', 'justice', 'identity']",Similar new size Congress understand arrive. Bank find market house require attack less. Girl provide organization usually approach home. Across rock somebody no.,2025-01-12
C1186,To participant.,U1069,poem,Mystery,"['justice', 'identity', 'grief']",Traditional between then heart. Card week fast cultural concern quite son. White candidate brother site. Now subject value worker least back.,2025-03-20
C1187,Six two.,U1012,essay,Fantasy,"['identity', 'memory', 'grief']",Dog health late scientist one. Card improve road enough. Any wall example.,2025-01-02
C1188,Want according wide begin particularly.,U1021,short_story,Fantasy,"['identity', 'grief', 'justice']",Dog trouble bad sea. Popular question condition eight me medical tough. Effort marriage quality white even.,2025-02-03
C1189,Instead however various peace.,U1057,poem,Romance,"['identity', 'healing', 'memory']",Skin your add project how address window. Send professor sport activity. Sure traditional hope as price us attack. Who painting prove probably value usually determine book. Candidate money song you.,2025-03-22
C1190,Ball part.,U1019,short_story,Romance,"['identity', 'memory', 'justice']",Dark yeah give front game. Yard upon without security. Many matter major. Word feel large their college leave. Room reality practice. Ten music check sister.,2025-04-13
C1191,Candidate itself.,U1099,essay,Romance,"['identity', 'rebirth', 'memory']",May accept voice serious along trade. Put type general risk play answer story. Military interesting commercial question society play major. Pass along charge successful standard floor program which. Dog pay own reveal detail. Sell other beat.,2025-02-05
C1192,Staff or the decide.,U1023,short_story,Fantasy,"['memory', 'rebirth', 'grief']",When fish white sense. Son industry I data attack set. Because quality fall customer reality nothing.,2025-03-28
C1193,Whom all.,U1012,poem,Mystery,"['healing', 'justice', 'rebirth']",Spend medical list use employee management that. Office finally never pull itself. Ever product middle among more. Share visit notice front behavior. Section your resource simple accept.,2025-04-11
C1194,Friend field.,U1071,short_story,Romance,"['grief', 'healing', 'justice']",Force me including adult local stand adult each. That thus face key. Ever surface fire recognize federal tend discussion. Live goal push about. Trip increase bit institution church lay. Wonder quality grow media great use lead whole.,2025-04-08
C1195,Wall business future allow.,U1017,poem,Sci-Fi,"['justice', 'grief', 'rebirth']",Thousand country speak this or enjoy. Factor wind message region TV. Race size community tend moment purpose.,2025-04-17
C1196,Area against movement defense.,U1000,poem,Literary Fiction,"['grief', 'healing', 'identity']",Office low section under provide radio leave. Community say past unit research. Ago stay he art. Century eat early position. Group talk learn. Shake quite main.,2025-03-27
C1197,Now sure.,U1017,poem,Fantasy,"['healing', 'memory', 'rebirth']",Direction risk wall alone keep foot well. Dream ask and program yeah protect. President matter amount often. President push indeed medical.,2025-05-06
C1198,Street try.,U1021,essay,Literary Fiction,"['memory', 'identity', 'healing']",Move change long. Laugh particular strategy mind before court each. Unit have beautiful political station during hour. A among share become. Drug upon number among something. Couple end dream anything create church.,2025-04-04
C1199,Common information so listen.,U1067,short_story,Sci-Fi,"['rebirth', 'identity', 'memory']",Sound usually about clear present among organization. Hot today agree mention while keep others. Site half painting. Away price foot. Up wait process effect rate organization experience.,2025-05-07
